time,setpoint,altitude,control,error
0.000,10.000,0.300,3.000,9.700
0.100,10.000,0.600,3.000,9.400
0.200,10.000,0.900,3.000,9.100
0.300,10.000,1.200,3.000,8.800
0.400,10.000,1.500,3.000,8.500
0.500,10.000,1.800,3.000,8.200
0.600,10.000,2.100,3.000,7.900
0.700,10.000,2.400,3.000,7.600
0.800,10.000,2.700,3.000,7.300
0.900,10.000,3.000,3.000,7.000
1.000,10.000,3.300,3.000,6.700
1.100,10.000,3.600,3.000,6.400
1.200,10.000,3.900,3.000,6.100
1.300,10.000,4.200,3.000,5.800
1.400,10.000,4.500,3.000,5.500
1.500,10.000,4.800,3.000,5.200
1.600,10.000,5.100,3.000,4.900
1.700,10.000,5.400,3.000,4.600
1.800,10.000,5.700,3.000,4.300
1.900,10.000,6.000,3.000,4.000
2.000,10.000,6.300,3.000,3.700
2.100,10.000,6.600,3.000,3.400
2.200,10.000,6.900,3.000,3.100
2.300,10.000,7.188,2.880,2.812
2.400,10.000,7.455,2.674,2.545
2.500,10.000,7.705,2.501,2.295
2.600,10.000,7.939,2.335,2.061
2.700,10.000,8.157,2.182,1.843
2.800,10.000,8.361,2.038,1.639
2.900,10.000,8.551,1.904,1.449
3.000,10.000,8.729,1.778,1.271
3.100,10.000,8.895,1.661,1.105
3.200,10.000,9.050,1.552,0.950
3.300,10.000,9.195,1.449,0.805
3.400,10.000,9.331,1.354,0.669
3.500,10.000,9.457,1.265,0.543
3.600,10.000,9.575,1.181,0.425
3.700,10.000,9.686,1.103,0.314
3.800,10.000,9.789,1.031,0.211
3.900,10.000,9.885,0.963,0.115
4.000,10.000,9.975,0.899,0.025
4.100,10.000,10.059,0.840,-0.059
4.200,10.000,10.137,0.784,-0.137
4.300,10.000,10.211,0.731,-0.211
4.400,10.000,10.279,0.681,-0.279
4.500,10.000,10.342,0.634,-0.342
4.600,10.000,10.401,0.589,-0.401
4.700,10.000,10.456,0.547,-0.456
4.800,10.000,10.506,0.507,-0.506
4.900,10.000,10.553,0.470,-0.553
5.000,10.000,10.597,0.434,-0.597
5.100,10.000,10.637,0.400,-0.637
5.200,10.000,10.674,0.369,-0.674
5.300,10.000,10.708,0.339,-0.708
5.400,10.000,10.739,0.311,-0.739
5.500,10.000,10.767,0.284,-0.767
5.600,10.000,10.793,0.259,-0.793
5.700,10.000,10.816,0.235,-0.816
5.800,10.000,10.838,0.213,-0.838
5.900,10.000,10.857,0.192,-0.857
6.000,10.000,10.874,0.172,-0.874
6.100,10.000,10.890,0.154,-0.890
6.200,10.000,10.903,0.136,-0.903
6.300,10.000,10.915,0.120,-0.915
6.400,10.000,10.926,0.104,-0.926
6.500,10.000,10.935,0.090,-0.935
6.600,10.000,10.942,0.076,-0.942
6.700,10.000,10.949,0.063,-0.949
6.800,10.000,10.954,0.051,-0.954
6.900,10.000,10.958,0.040,-0.958
7.000,10.000,10.961,0.030,-0.961
7.100,10.000,10.963,0.020,-0.963
7.200,10.000,10.964,0.011,-0.964
7.300,10.000,10.964,0.002,-0.964
7.400,10.000,10.963,-0.006,-0.963
7.500,10.000,10.962,-0.014,-0.962
7.600,10.000,10.960,-0.021,-0.960
7.700,10.000,10.957,-0.027,-0.957
7.800,10.000,10.954,-0.033,-0.954
7.900,10.000,10.950,-0.039,-0.950
8.000,10.000,10.945,-0.044,-0.945
8.100,10.000,10.941,-0.049,-0.941
8.200,10.000,10.935,-0.054,-0.935
8.300,10.000,10.929,-0.058,-0.929
8.400,10.000,10.923,-0.062,-0.923
8.500,10.000,10.917,-0.065,-0.917
8.600,10.000,10.910,-0.068,-0.910
8.700,10.000,10.903,-0.071,-0.903
8.800,10.000,10.895,-0.074,-0.895
8.900,10.000,10.888,-0.077,-0.888
9.000,10.000,10.880,-0.079,-0.880
9.100,10.000,10.872,-0.081,-0.872
9.200,10.000,10.863,-0.083,-0.863
9.300,10.000,10.855,-0.084,-0.855
9.400,10.000,10.846,-0.086,-0.846
9.500,10.000,10.838,-0.087,-0.838
9.600,10.000,10.829,-0.088,-0.829
9.700,10.000,10.820,-0.089,-0.820
9.800,10.000,10.811,-0.090,-0.811
9.900,10.000,10.802,-0.091,-0.802
10.000,10.000,10.793,-0.091,-0.793
10.100,10.000,10.784,-0.092,-0.784
10.200,10.000,10.774,-0.092,-0.774
10.300,10.000,10.765,-0.093,-0.765
10.400,10.000,10.756,-0.093,-0.756
10.500,10.000,10.746,-0.093,-0.746
10.600,10.000,10.737,-0.093,-0.737
10.700,10.000,10.728,-0.093,-0.728
10.800,10.000,10.719,-0.093,-0.719
10.900,10.000,10.709,-0.093,-0.709
11.000,10.000,10.700,-0.092,-0.700
11.100,10.000,10.691,-0.092,-0.691
11.200,10.000,10.682,-0.092,-0.682
11.300,10.000,10.673,-0.091,-0.673
11.400,10.000,10.664,-0.091,-0.664
11.500,10.000,10.655,-0.090,-0.655
11.600,10.000,10.646,-0.090,-0.646
11.700,10.000,10.637,-0.089,-0.637
11.800,10.000,10.628,-0.088,-0.628
11.900,10.000,10.619,-0.088,-0.619
12.000,10.000,10.610,-0.087,-0.610
12.100,10.000,10.602,-0.086,-0.602
12.200,10.000,10.593,-0.086,-0.593
12.300,10.000,10.585,-0.085,-0.585
12.400,10.000,10.576,-0.084,-0.576
12.500,10.000,10.568,-0.083,-0.568
12.600,10.000,10.560,-0.082,-0.560
12.700,10.000,10.552,-0.082,-0.552
12.800,10.000,10.544,-0.081,-0.544
12.900,10.000,10.536,-0.080,-0.536
13.000,10.000,10.528,-0.079,-0.528
13.100,10.000,10.520,-0.078,-0.520
13.200,10.000,10.512,-0.077,-0.512
13.300,10.000,10.505,-0.076,-0.505
13.400,10.000,10.497,-0.075,-0.497
13.500,10.000,10.490,-0.075,-0.490
13.600,10.000,10.482,-0.074,-0.482
13.700,10.000,10.475,-0.073,-0.475
13.800,10.000,10.468,-0.072,-0.468
13.900,10.000,10.461,-0.071,-0.461
14.000,10.000,10.454,-0.070,-0.454
14.100,10.000,10.447,-0.069,-0.447
14.200,10.000,10.440,-0.068,-0.440
14.300,10.000,10.433,-0.067,-0.433
14.400,10.000,10.426,-0.067,-0.426
14.500,10.000,10.420,-0.066,-0.420
14.600,10.000,10.413,-0.065,-0.413
14.700,10.000,10.407,-0.064,-0.407
14.800,10.000,10.401,-0.063,-0.401
14.900,10.000,10.395,-0.062,-0.395
15.000,10.000,10.388,-0.061,-0.388
15.100,10.000,10.382,-0.060,-0.382
15.200,10.000,10.376,-0.060,-0.376
15.300,10.000,10.370,-0.059,-0.370
15.400,10.000,10.365,-0.058,-0.365
15.500,10.000,10.359,-0.057,-0.359
15.600,10.000,10.353,-0.056,-0.353
15.700,10.000,10.348,-0.056,-0.348
15.800,10.000,10.342,-0.055,-0.342
15.900,10.000,10.337,-0.054,-0.337
16.000,10.000,10.332,-0.053,-0.332
16.100,10.000,10.326,-0.052,-0.326
16.200,10.000,10.321,-0.052,-0.321
16.300,10.000,10.316,-0.051,-0.316
16.400,10.000,10.311,-0.050,-0.311
16.500,10.000,10.306,-0.049,-0.306
16.600,10.000,10.301,-0.049,-0.301
16.700,10.000,10.297,-0.048,-0.297
16.800,10.000,10.292,-0.047,-0.292
16.900,10.000,10.287,-0.046,-0.287
17.000,10.000,10.283,-0.046,-0.283
17.100,10.000,10.278,-0.045,-0.278
17.200,10.000,10.274,-0.044,-0.274
17.300,10.000,10.269,-0.044,-0.269
17.400,10.000,10.265,-0.043,-0.265
17.500,10.000,10.261,-0.042,-0.261
17.600,10.000,10.257,-0.042,-0.257
17.700,10.000,10.252,-0.041,-0.252
17.800,10.000,10.248,-0.040,-0.248
17.900,10.000,10.244,-0.040,-0.244
18.000,10.000,10.241,-0.039,-0.241
18.100,10.000,10.237,-0.039,-0.237
18.200,10.000,10.233,-0.038,-0.233
18.300,10.000,10.229,-0.037,-0.229
18.400,10.000,10.225,-0.037,-0.225
18.500,10.000,10.222,-0.036,-0.222
18.600,10.000,10.218,-0.036,-0.218
18.700,10.000,10.215,-0.035,-0.215
18.800,10.000,10.211,-0.035,-0.211
18.900,10.000,10.208,-0.034,-0.208
19.000,10.000,10.205,-0.033,-0.205
19.100,10.000,10.201,-0.033,-0.201
19.200,10.000,10.198,-0.032,-0.198
19.300,10.000,10.195,-0.032,-0.195
19.400,10.000,10.192,-0.031,-0.192
19.500,10.000,10.189,-0.031,-0.189
19.600,10.000,10.186,-0.030,-0.186
19.700,10.000,10.183,-0.030,-0.183
19.800,10.000,10.180,-0.029,-0.180
19.900,10.000,10.177,-0.029,-0.177
