time_sec,relative_altitude_m,roll_deg,pitch_deg,yaw_deg,north_m,east_m,down_m,flight_mode,mission_phase
0.001,,,,,,,,,WAITING_HEALTH
0.202,0.040,0.070,-0.039,-0.167,2.970,-0.017,-0.068,,WAITING_HEALTH
0.403,0.000,0.070,-0.036,-0.169,2.967,-0.016,-0.067,HOLD,TAKEOFF
0.603,-0.004,0.069,-0.035,-0.169,2.964,-0.015,-0.063,HOLD,TAKEOFF
0.804,-0.007,0.071,-0.036,-0.170,2.964,-0.014,-0.060,HOLD,TAKEOFF
1.005,-0.010,0.068,-0.037,-0.169,2.965,-0.014,-0.057,HOLD,TAKEOFF
1.206,-0.013,0.066,-0.040,-0.168,2.967,-0.016,-0.053,HOLD,TAKEOFF
1.406,-0.017,0.063,-0.040,-0.169,2.968,-0.018,-0.050,TAKEOFF,TAKEOFF
1.607,-0.019,0.062,-0.040,-0.170,2.968,-0.018,-0.048,TAKEOFF,TAKEOFF
1.808,-0.021,0.067,-0.037,-0.170,2.967,-0.016,-0.046,TAKEOFF,TAKEOFF
2.009,-0.019,0.070,-0.037,-0.168,2.967,-0.012,-0.047,TAKEOFF,TAKEOFF
2.210,0.000,0.071,-0.042,-0.165,2.970,-0.009,-0.049,TAKEOFF,TAKEOFF
2.410,0.003,0.072,-0.045,-0.163,2.973,-0.005,-0.052,TAKEOFF,TAKEOFF
2.612,0.005,0.075,-0.043,-0.163,2.972,-0.002,-0.054,TAKEOFF,TAKEOFF
2.813,0.008,0.074,-0.038,-0.161,2.970,0.000,-0.057,TAKEOFF,TAKEOFF
3.014,0.009,0.071,-0.037,-0.159,2.967,0.002,-0.058,TAKEOFF,TAKEOFF
3.215,0.009,0.068,-0.034,-0.159,2.963,0.001,-0.058,TAKEOFF,TAKEOFF
3.416,0.009,0.065,-0.034,-0.158,2.962,-0.001,-0.058,TAKEOFF,TAKEOFF
3.617,0.010,0.064,-0.035,-0.160,2.962,-0.002,-0.059,TAKEOFF,TAKEOFF
3.817,0.010,0.064,-0.038,-0.159,2.964,-0.004,-0.059,TAKEOFF,TAKEOFF
4.018,0.009,0.064,-0.042,-0.156,2.967,-0.006,-0.057,TAKEOFF,TAKEOFF
4.218,0.005,0.065,-0.046,-0.157,2.970,-0.006,-0.054,TAKEOFF,TAKEOFF
4.420,0.001,0.065,-0.047,-0.158,2.971,-0.007,-0.050,TAKEOFF,TAKEOFF
4.621,-0.001,-0.084,-0.001,-0.141,2.970,-0.009,-0.047,TAKEOFF,TAKEOFF
4.823,0.010,-0.527,0.102,-0.107,2.967,-0.014,-0.061,TAKEOFF,TAKEOFF
5.024,0.059,-0.332,0.035,-0.094,2.962,-0.022,-0.111,TAKEOFF,TAKEOFF
5.225,0.147,0.020,-0.080,-0.093,2.956,-0.032,-0.200,TAKEOFF,TAKEOFF
5.426,0.273,0.283,-0.170,-0.101,2.949,-0.043,-0.328,TAKEOFF,TAKEOFF
5.627,0.458,0.413,-0.224,-0.105,2.947,-0.049,-0.493,TAKEOFF,TAKEOFF
5.828,0.657,0.400,-0.198,-0.100,2.950,-0.049,-0.689,TAKEOFF,TAKEOFF
6.029,0.859,0.309,-0.109,-0.100,2.955,-0.047,-0.893,TAKEOFF,TAKEOFF
6.229,1.041,0.237,-0.036,-0.099,2.958,-0.045,-1.076,TAKEOFF,TAKEOFF
6.430,1.209,0.192,-0.019,-0.100,2.958,-0.044,-1.245,TAKEOFF,TAKEOFF
6.630,1.372,0.171,-0.049,-0.100,2.958,-0.043,-1.408,TAKEOFF,TAKEOFF
6.832,1.530,0.157,-0.074,-0.097,2.957,-0.041,-1.567,TAKEOFF,TAKEOFF
7.033,1.683,0.144,-0.082,-0.098,2.959,-0.040,-1.720,TAKEOFF,TAKEOFF
7.234,1.829,0.148,-0.046,-0.098,2.963,-0.041,-1.867,TAKEOFF,TAKEOFF
7.435,1.970,0.168,0.019,-0.103,2.969,-0.041,-2.008,TAKEOFF,TAKEOFF
7.635,2.105,0.180,0.087,-0.102,2.977,-0.042,-2.144,TAKEOFF,TAKEOFF
7.836,2.229,0.185,0.162,-0.104,2.985,-0.042,-2.268,TAKEOFF,TAKEOFF
8.038,2.339,0.174,0.219,-0.106,2.991,-0.040,-2.380,TAKEOFF,TAKEOFF
8.239,2.412,0.134,0.216,-0.105,2.992,-0.035,-2.457,TAKEOFF,TAKEOFF
8.440,2.443,0.052,0.149,-0.104,2.988,-0.025,-2.490,HOLD,TAKEOFF
8.641,2.469,-0.072,0.059,-0.100,2.985,-0.014,-2.516,HOLD,TAKEOFF
8.842,2.509,-0.177,0.001,-0.101,2.982,-0.004,-2.554,HOLD,TAKEOFF
9.044,2.552,-0.222,-0.011,-0.108,2.982,0.003,-2.597,HOLD,TAKEOFF
9.245,2.593,-0.213,0.012,-0.112,2.982,0.007,-2.639,HOLD,TAKEOFF
9.446,2.631,-0.195,0.007,-0.112,2.979,0.011,-2.677,HOLD,TAKEOFF
9.646,2.667,-0.176,-0.022,-0.113,2.974,0.012,-2.716,HOLD,TAKEOFF
9.847,2.696,-0.137,-0.060,-0.113,2.969,0.012,-2.745,HOLD,TAKEOFF
10.048,2.724,-0.088,-0.095,-0.110,2.967,0.009,-2.773,HOLD,TAKEOFF
10.249,2.751,-0.032,-0.082,-0.105,2.966,0.007,-2.800,HOLD,TAKEOFF
10.450,2.777,-0.006,-0.071,-0.101,2.962,0.007,-2.826,HOLD,TAKEOFF
10.650,2.801,0.004,-0.113,-0.103,2.956,0.003,-2.850,HOLD,TAKEOFF
10.851,2.825,0.064,-0.177,-0.108,2.949,-0.005,-2.874,HOLD,TAKEOFF
11.052,2.848,0.155,-0.217,-0.110,2.944,-0.013,-2.897,HOLD,TAKEOFF
11.252,2.867,0.231,-0.238,-0.110,2.940,-0.021,-2.915,HOLD,TAKEOFF
11.453,2.883,0.273,-0.233,-0.111,2.938,-0.026,-2.932,HOLD,TAKEOFF
11.654,2.900,0.265,-0.227,-0.108,2.933,-0.029,-2.949,HOLD,TAKEOFF
11.854,2.918,0.238,-0.255,-0.104,2.927,-0.030,-2.967,HOLD,TAKEOFF
12.055,2.932,0.186,-0.279,-0.103,2.923,-0.028,-2.981,HOLD,TAKEOFF
12.256,2.942,0.116,-0.285,-0.104,2.921,-0.024,-2.991,HOLD,TAKEOFF
12.457,2.951,0.067,-0.239,-0.108,2.925,-0.022,-2.999,HOLD,STARTING_OFFBOARD
12.657,2.957,0.059,-0.143,-0.112,2.933,-0.022,-3.006,HOLD,STARTING_OFFBOARD
12.859,2.961,0.071,-0.022,-0.113,2.943,-0.021,-3.010,HOLD,STARTING_OFFBOARD
13.061,2.963,0.075,0.080,-0.111,2.951,-0.022,-3.012,HOLD,STARTING_OFFBOARD
13.262,2.965,0.090,0.110,-0.107,2.954,-0.023,-3.014,HOLD,STARTING_OFFBOARD
13.462,2.968,0.102,0.077,-0.104,2.956,-0.022,-3.017,HOLD,LANDING
13.663,2.971,0.096,0.033,-0.102,2.957,-0.022,-3.020,HOLD,LANDING
13.863,2.968,0.068,-0.005,-0.102,2.957,-0.020,-3.016,HOLD,LANDING
14.064,2.919,0.042,-0.023,-0.103,2.958,-0.019,-2.968,HOLD,LANDING
14.265,2.798,0.031,-0.020,-0.106,2.961,-0.019,-2.847,HOLD,LANDING
14.466,2.644,0.034,0.008,-0.108,2.965,-0.018,-2.693,LAND,LANDING
14.666,2.494,0.049,0.060,-0.110,2.971,-0.017,-2.557,LAND,LANDING
14.867,2.374,0.042,0.116,-0.106,2.978,-0.015,-2.437,LAND,LANDING
15.068,2.252,0.001,0.170,-0.106,2.983,-0.010,-2.316,LAND,LANDING
15.268,2.125,-0.063,0.162,-0.105,2.982,-0.004,-2.190,LAND,LANDING
15.470,1.994,-0.116,0.078,-0.104,2.977,0.001,-2.059,LAND,LANDING
15.670,1.859,-0.140,-0.035,-0.104,2.970,0.004,-1.924,LAND,LANDING
15.871,1.723,-0.116,-0.120,-0.105,2.964,0.003,-1.788,LAND,LANDING
16.072,1.586,-0.060,-0.183,-0.108,2.957,0.001,-1.651,LAND,LANDING
16.273,1.446,-0.001,-0.219,-0.107,2.952,-0.004,-1.512,LAND,LANDING
16.474,1.307,0.063,-0.220,-0.110,2.949,-0.010,-1.372,LAND,LANDING
15.874,1.168,0.137,-0.209,-0.113,2.947,-0.017,-1.233,LAND,LANDING
16.074,1.029,0.183,-0.192,-0.108,2.947,-0.022,-1.095,LAND,LANDING
16.275,0.889,0.195,-0.158,-0.105,2.950,-0.025,-0.955,LAND,LANDING
16.476,0.753,0.173,-0.101,-0.105,2.955,-0.025,-0.818,LAND,LANDING
16.676,0.618,0.144,-0.027,-0.106,2.962,-0.026,-0.683,LAND,LANDING
16.877,0.481,0.142,0.058,-0.109,2.972,-0.029,-0.524,LAND,LANDING
17.078,0.342,0.165,0.130,-0.105,2.982,-0.031,-0.386,LAND,LANDING
17.279,0.201,0.186,0.195,-0.103,2.990,-0.034,-0.244,LAND,LANDING
17.480,0.059,0.200,0.221,-0.102,2.995,-0.036,-0.102,LAND,LANDING
17.681,-0.073,0.195,0.214,-0.103,2.998,-0.036,0.025,LAND,LANDING
17.882,-0.061,0.195,0.214,-0.102,3.000,-0.036,0.012,LAND,LANDING
18.083,-0.046,0.198,0.210,-0.105,3.001,-0.035,-0.002,LAND,LANDING
18.285,-0.035,0.199,0.186,-0.106,3.004,-0.035,-0.013,LAND,LANDING
18.485,-0.027,0.146,0.100,-0.105,3.006,-0.035,-0.021,LAND,LANDING
18.686,-0.020,0.106,0.044,-0.102,3.009,-0.037,-0.027,LAND,LANDING
18.887,-0.015,0.078,0.010,-0.103,3.011,-0.040,-0.033,LAND,LANDING
19.088,-0.012,0.059,-0.008,-0.103,3.013,-0.044,-0.036,LAND,LANDING
19.289,-0.011,0.046,-0.018,-0.103,3.014,-0.046,-0.037,LAND,LANDING
19.489,-0.011,0.041,-0.029,-0.102,3.018,-0.048,-0.037,LAND,LANDING
19.690,-0.010,0.040,-0.036,-0.101,3.022,-0.050,-0.038,LAND,LANDING
19.892,-0.009,0.039,-0.038,-0.102,3.024,-0.051,-0.039,LAND,LANDING
20.093,-0.010,0.033,-0.035,-0.103,3.023,-0.055,-0.038,LAND,LANDING
20.293,-0.010,0.027,-0.029,-0.105,3.017,-0.059,-0.038,LAND,LANDING
20.494,-0.010,0.027,-0.021,-0.107,3.010,-0.060,-0.038,LAND,LANDING
20.695,-0.010,0.034,-0.011,-0.109,3.002,-0.058,-0.038,LAND,LANDING
