time_s,armed,flight_mode,latitude_deg,longitude_deg,absolute_altitude_m,relative_altitude_m,roll_deg,pitch_deg,yaw_deg
0.001,,,,,,,,,
0.203,,,47.3979715,8.5461639,0.24300001561641693,0.06599999964237213,0.05561947077512741,-0.3007747232913971,96.8447494506836
0.404,,,47.3979715,8.5461639,0.2460000067949295,0.0690000057220459,0.056040044873952866,-0.2992156147956848,96.83766174316406
0.605,,,47.3979715,8.5461639,0.24700000882148743,0.07000000029802322,0.058469031006097794,-0.29319843649864197,96.83004760742188
0.806,,,47.3979715,8.5461638,0.24800001084804535,0.07000000029802322,0.06409118324518204,-0.28772348165512085,96.82245635986328
1.006,False,HOLD,47.3979715,8.5461638,0.24700000882148743,0.07000000029802322,0.0702228769659996,-0.28768765926361084,96.81647491455078
1.207,False,HOLD,47.3979715,8.5461638,0.24300001561641693,0.06599999964237213,0.07138297706842422,-0.2872089445590973,96.81756591796875
1.409,False,HOLD,47.397971399999996,8.5461637,0.2370000183582306,0.06000000238418579,0.07249794155359268,-0.28727173805236816,96.81729125976562
1.609,False,HOLD,47.397971399999996,8.5461637,0.2290000170469284,0.052000001072883606,0.07437139749526978,-0.28550416231155396,96.81463623046875
1.81,False,HOLD,47.397971299999995,8.5461637,0.22200001776218414,0.04500000178813934,0.07464361935853958,-0.2862716615200043,96.81578063964844
2.01,False,HOLD,47.397971299999995,8.5461637,0.21800000965595245,0.04000000283122063,0.0761086717247963,-0.2862536311149597,96.81471252441406
2.211,False,HOLD,47.397971299999995,8.5461637,0.21300001442432404,0.036000002175569534,0.07970083504915237,-0.28174442052841187,96.8115463256836
2.413,False,HOLD,47.3979712,8.5461636,0.20600001513957977,0.029000001028180122,0.08670523017644882,-0.2817920446395874,96.80430603027344
2.613,False,HOLD,47.3979712,8.5461636,0.20100000500679016,0.024000000208616257,0.08856236189603806,-0.2862626612186432,96.80158233642578
2.815,False,HOLD,47.3979711,8.5461637,0.1990000158548355,0.02200000174343586,0.08815662562847137,-0.2868482768535614,96.79914093017578
3.017,False,HOLD,47.3979711,8.5461637,0.1990000158548355,0.02200000174343586,0.09246090799570084,-0.2879899740219116,96.79795837402344
3.218,False,HOLD,47.3979711,8.5461636,0.20000000298023224,0.023000001907348633,0.0925142914056778,-0.2881198227405548,96.79905700683594
3.418,False,HOLD,47.3979711,8.5461637,0.20100000500679016,0.024000000208616257,0.08921380341053009,-0.2919575870037079,96.80133819580078
3.62,False,HOLD,47.3979711,8.5461637,0.203000009059906,0.02500000037252903,0.08823447674512863,-0.2950367331504822,96.79823303222656
3.82,False,HOLD,47.3979711,8.5461637,0.20400001108646393,0.027000000700354576,0.08399070799350739,-0.2979844808578491,96.79781341552734
4.022,False,HOLD,47.3979712,8.5461637,0.20400001108646393,0.027000000700354576,0.07348863780498505,-0.3024863004684448,96.80116271972656
4.222,False,HOLD,47.3979712,8.5461638,0.203000009059906,0.02500000037252903,0.06758081912994385,-0.3006443679332733,96.80602264404297
4.423,False,HOLD,47.3979712,8.5461638,0.20100000500679016,0.024000000208616257,0.061972763389348984,-0.29560503363609314,96.8125
4.625,False,HOLD,47.397971299999995,8.5461638,0.1990000158548355,0.02200000174343586,0.059826985001564026,-0.2963102161884308,96.8100357055664
4.825,False,HOLD,47.397971299999995,8.5461638,0.1980000138282776,0.021000001579523087,0.057426899671554565,-0.29401713609695435,96.81050872802734
5.026,False,HOLD,47.397971299999995,8.5461637,0.1980000138282776,0.021000001579523087,0.060109950602054596,-0.2903939485549927,96.81121826171875
5.227,False,HOLD,47.397971299999995,8.5461637,0.20000000298023224,0.023000001907348633,0.06487230956554413,-0.29126378893852234,96.8103256225586
5.429,False,HOLD,47.397971299999995,8.5461637,0.20100000500679016,0.023000001907348633,0.07065419107675552,-0.29349809885025024,96.80968475341797
5.63,False,HOLD,47.397971299999995,8.5461637,0.20100000500679016,0.023000001907348633,0.07429139316082001,-0.2916252315044403,96.8074722290039
5.832,False,HOLD,47.397971299999995,8.5461637,0.20100000500679016,0.024000000208616257,0.07268111407756805,-0.2901759147644043,96.80656433105469
6.033,False,HOLD,47.397971299999995,8.5461637,0.20200000703334808,0.024000000208616257,0.0734543427824974,-0.2885321378707886,96.8053207397461
6.233,False,HOLD,47.397971299999995,8.5461637,0.20200000703334808,0.02500000037252903,0.07540948688983917,-0.2942430377006531,96.80857849121094
6.434,False,HOLD,47.3979712,8.5461638,0.203000009059906,0.026000000536441803,0.07756588608026505,-0.30125898122787476,96.8106689453125
6.636,False,HOLD,47.3979712,8.5461638,0.20500001311302185,0.027000000700354576,0.07655826956033707,-0.30745115876197815,96.81269836425781
6.836,False,HOLD,47.3979712,8.5461638,0.20500001311302185,0.02800000086426735,0.07487393915653229,-0.3081473410129547,96.81375885009766
7.037,False,HOLD,47.3979712,8.5461639,0.20600001513957977,0.02800000086426735,0.07563992589712143,-0.30684101581573486,96.81266021728516
7.237,False,HOLD,47.3979712,8.5461639,0.2070000171661377,0.030000001192092896,0.07767065614461899,-0.30316996574401855,96.81143188476562
7.437,False,HOLD,47.3979712,8.5461639,0.2110000103712082,0.03400000184774399,0.07875342667102814,-0.30119195580482483,96.80992889404297
7.638,False,HOLD,47.3979711,8.5461639,0.2150000035762787,0.03800000250339508,0.07907671481370926,-0.29862043261528015,96.808837890625
7.839,False,HOLD,47.3979711,8.5461639,0.21700000762939453,0.04000000283122063,0.07904477417469025,-0.3001844882965088,96.81061553955078
8.04,False,HOLD,47.3979711,8.5461639,0.21800000965595245,0.04100000113248825,0.07922825217247009,-0.29843202233314514,96.80964660644531
8.241,False,HOLD,47.3979711,8.5461639,0.22100001573562622,0.04400000348687172,0.07665205746889114,-0.2981036901473999,96.8076171875
8.441,False,HOLD,47.3979711,8.5461639,0.22200001776218414,0.04500000178813934,0.07256732881069183,-0.3000641465187073,96.80830383300781
8.642,False,HOLD,47.3979711,8.546164,0.22200001776218414,0.04500000178813934,0.0732039138674736,-0.2995453178882599,96.80877685546875
8.843,False,HOLD,47.397971,8.546164,0.22100001573562622,0.04400000348687172,0.07521341741085052,-0.29866650700569153,96.8089599609375
9.044,False,HOLD,47.397971,8.5461639,0.21900001168251038,0.04200000315904617,0.08015168458223343,-0.2955058813095093,96.80909729003906
9.245,False,HOLD,47.397971,8.546164,0.21700000762939453,0.04000000283122063,0.07963422685861588,-0.29562345147132874,96.80769348144531
9.446,False,HOLD,47.3979709,8.546164,0.2160000056028366,0.039000000804662704,0.07820554077625275,-0.2942867577075958,96.8062744140625
9.647,False,HOLD,47.397971,8.546164,0.2160000056028366,0.03800000250339508,0.07388146221637726,-0.2970205247402191,96.80525970458984
9.849,False,HOLD,47.397971,8.546164,0.21700000762939453,0.04000000283122063,0.07392311841249466,-0.3004845976829529,96.80614471435547
10.05,False,HOLD,47.397971,8.5461641,0.21800000965595245,0.04100000113248825,0.07547592371702194,-0.3052808344364166,96.80638885498047
10.251,False,HOLD,47.3979709,8.5461641,0.21800000965595245,0.04000000283122063,0.07684942334890366,-0.3059579133987427,96.80767822265625
10.452,False,HOLD,47.3979709,8.5461641,0.21900001168251038,0.04100000113248825,0.08059318363666534,-0.3056044578552246,96.80887603759766
10.653,False,HOLD,47.3979709,8.5461641,0.22100001573562622,0.04400000348687172,0.07737821340560913,-0.301323264837265,96.80996704101562
10.854,False,HOLD,47.397971,8.5461641,0.22500000894069672,0.04700000211596489,0.07466348260641098,-0.30062010884284973,96.8106689453125
11.056,False,HOLD,47.397971,8.5461641,0.2290000170469284,0.05100000277161598,0.07453495264053345,-0.30002593994140625,96.8079833984375
11.257,False,HOLD,47.397971,8.546164,0.23200000822544098,0.05400000140070915,0.07384875416755676,-0.29527100920677185,96.80934143066406
11.457,False,HOLD,47.397971,8.546164,0.23500001430511475,0.058000002056360245,0.0755113959312439,-0.2921992242336273,96.810791015625
11.658,False,HOLD,47.397971,8.546164,0.23800000548362732,0.06100000441074371,0.07676543295383453,-0.29336586594581604,96.81119537353516
11.859,False,HOLD,47.397971,8.546164,0.2410000115633011,0.06400000303983688,0.08219025284051895,-0.29180091619491577,96.81111907958984
12.06,False,HOLD,47.397971,8.546164,0.24300001561641693,0.06599999964237213,0.08358260244131088,-0.28958356380462646,96.81156921386719
12.261,False,HOLD,47.397971,8.5461639,0.24700000882148743,0.07000000029802322,0.08461828529834747,-0.2885251045227051,96.81002807617188
12.462,False,HOLD,47.397971,8.5461639,0.24900001287460327,0.07200000435113907,0.08190037310123444,-0.28674057126045227,96.8093032836914
12.664,False,HOLD,47.397971,8.5461639,0.24700000882148743,0.07000000029802322,0.07961468398571014,-0.2862637937068939,96.80912017822266
12.864,False,HOLD,47.397971,8.5461638,0.242000013589859,0.06400000303983688,0.07447140663862228,-0.28280937671661377,96.81096649169922
13.065,False,HOLD,47.397971,8.5461638,0.23800000548362732,0.06100000441074371,0.06802664697170258,-0.27603504061698914,96.811279296875
13.266,False,HOLD,47.3979711,8.5461637,0.2370000183582306,0.06000000238418579,0.06697837263345718,-0.27139440178871155,96.80921936035156
13.467,False,HOLD,47.3979711,8.5461636,0.23800000548362732,0.06100000441074371,0.06838510185480118,-0.2710817754268646,96.8050765991211
13.668,False,HOLD,47.3979711,8.5461636,0.24000000953674316,0.06300000101327896,0.07123290002346039,-0.2697507441043854,96.79962921142578
13.869,False,HOLD,47.3979711,8.5461636,0.2410000115633011,0.06300000101327896,0.07318645715713501,-0.2701723277568817,96.79944610595703
14.07,False,HOLD,47.397971,8.5461636,0.242000013589859,0.0650000050663948,0.07443790882825851,-0.27522698044776917,96.80095672607422
14.271,False,HOLD,47.3979711,8.5461636,0.24500000476837158,0.06800000369548798,0.07223605364561081,-0.2792007625102997,96.806396484375
14.473,False,HOLD,47.3979711,8.5461636,0.24800001084804535,0.07100000232458115,0.07189221680164337,-0.2822851240634918,96.8080825805664
14.674,False,HOLD,47.3979711,8.5461636,0.24900001287460327,0.07200000435113907,0.07238175719976425,-0.2806563079357147,96.80984497070312
14.875,False,HOLD,47.397971,8.5461637,0.24800001084804535,0.07100000232458115,0.07766318321228027,-0.2862526774406433,96.80719757080078
15.076,False,HOLD,47.397971,8.5461637,0.24700000882148743,0.0690000057220459,0.08641223609447479,-0.28838014602661133,96.80150604248047
15.277,False,HOLD,47.3979709,8.5461637,0.24400001764297485,0.06700000166893005,0.0877283439040184,-0.2910110652446747,96.79986572265625
15.478,False,HOLD,47.3979709,8.5461637,0.242000013589859,0.0650000050663948,0.08720776438713074,-0.28951090574264526,96.8011474609375
15.679,False,HOLD,47.3979709,8.5461637,0.2410000115633011,0.06400000303983688,0.08665350824594498,-0.2874792814254761,96.80029296875
15.881,False,HOLD,47.3979709,8.5461637,0.2410000115633011,0.06400000303983688,0.0872277095913887,-0.28513216972351074,96.80054473876953
16.081,False,HOLD,47.3979709,8.5461637,0.242000013589859,0.06400000303983688,0.0880441889166832,-0.2841072678565979,96.80306243896484
16.282,False,HOLD,47.3979709,8.5461637,0.242000013589859,0.06400000303983688,0.08843006193637848,-0.287381112575531,96.8041763305664
16.483,False,HOLD,47.3979709,8.5461637,0.2410000115633011,0.06300000101327896,0.08613740652799606,-0.28867486119270325,96.80360412597656
16.685,False,HOLD,47.3979709,8.5461637,0.2410000115633011,0.06300000101327896,0.08338680863380432,-0.29032188653945923,96.80699920654297
16.886,False,HOLD,47.3979709,8.5461637,0.242000013589859,0.0650000050663948,0.08253840357065201,-0.29108598828315735,96.80570983886719
17.087,False,HOLD,47.3979709,8.5461637,0.242000013589859,0.0650000050663948,0.0827656239271164,-0.2922946810722351,96.8045883178711
17.287,False,HOLD,47.3979709,8.5461637,0.242000013589859,0.0650000050663948,0.08748946338891983,-0.2917536795139313,96.80841064453125
17.489,False,HOLD,47.3979709,8.5461637,0.2410000115633011,0.06400000303983688,0.08928675949573517,-0.2868960499763489,96.80769348144531
17.69,False,HOLD,47.3979709,8.5461636,0.23800000548362732,0.06100000441074371,0.0904826745390892,-0.28470152616500854,96.81050109863281
17.89,False,HOLD,47.397971,8.5461636,0.2330000102519989,0.0560000017285347,0.08608358353376389,-0.2850553095340729,96.80946350097656
18.091,False,HOLD,47.397971,8.5461636,0.22800001502037048,0.05000000074505806,0.07928239554166794,-0.28455162048339844,96.80902862548828
18.291,False,HOLD,47.3979711,8.5461636,0.2240000069141388,0.04700000211596489,0.07165492326021194,-0.2896747589111328,96.80917358398438
18.493,False,HOLD,47.3979711,8.5461636,0.2240000069141388,0.046000003814697266,0.06771320849657059,-0.29627594351768494,96.8092269897461
18.694,False,HOLD,47.3979712,8.5461637,0.22500000894069672,0.04700000211596489,0.06405334919691086,-0.30269089341163635,96.81421661376953
18.896,False,HOLD,47.3979712,8.5461638,0.22800001502037048,0.05000000074505806,0.06913044303655624,-0.30489692091941833,96.81822204589844
19.096,False,HOLD,47.3979711,8.5461638,0.2330000102519989,0.0560000017285347,0.0721357986330986,-0.3073346018791199,96.81946563720703
19.297,False,HOLD,47.3979711,8.5461639,0.23800000548362732,0.06000000238418579,0.07236041873693466,-0.3084881007671356,96.82142639160156
19.498,False,HOLD,47.3979711,8.5461639,0.23900000751018524,0.06100000441074371,0.07463576644659042,-0.3067549467086792,96.82331848144531
19.699,False,HOLD,47.3979711,8.5461639,0.23800000548362732,0.06100000441074371,0.0784013494849205,-0.3044950067996979,96.82555389404297
19.9,False,HOLD,47.3979711,8.546164,0.23500001430511475,0.058000002056360245,0.08169052749872208,-0.30585476756095886,96.82894134521484
20.101,False,HOLD,47.397971,8.546164,0.22800001502037048,0.05000000074505806,0.08280840516090393,-0.3053957521915436,96.8337631225586
20.301,False,HOLD,47.397971,8.546164,0.21900001168251038,0.04200000315904617,0.08302224427461624,-0.3028143346309662,96.8311767578125
20.502,False,HOLD,47.397971,8.546164,0.21400001645088196,0.036000002175569534,0.08617192506790161,-0.2945803701877594,96.82857513427734
20.703,False,HOLD,47.397971,8.5461639,0.20900000631809235,0.03200000151991844,0.08828283846378326,-0.288568377494812,96.82625579833984
20.904,False,HOLD,47.3979709,8.5461638,0.20800000429153442,0.03100000135600567,0.08780129998922348,-0.2834954559803009,96.82405090332031
21.104,False,HOLD,47.3979709,8.5461638,0.21000000834465027,0.032999999821186066,0.0867331251502037,-0.2825108766555786,96.82284545898438
21.305,False,HOLD,47.397971,8.5461637,0.21400001645088196,0.03700000047683716,0.08436957001686096,-0.2792385220527649,96.82212829589844
21.506,False,HOLD,47.397971,8.5461637,0.21700000762939453,0.04000000283122063,0.0807955265045166,-0.27886074781417847,96.81985473632812
21.707,False,HOLD,47.397971,8.5461636,0.2200000137090683,0.0430000014603138,0.07370113581418991,-0.27892449498176575,96.8183822631836
21.908,False,HOLD,47.3979711,8.5461636,0.22200001776218414,0.04400000348687172,0.07300478965044022,-0.2805008590221405,96.81817626953125
22.109,False,HOLD,47.3979711,8.5461636,0.22300000488758087,0.046000003814697266,0.07543639093637466,-0.2870258688926697,96.81932830810547
22.31,False,HOLD,47.3979711,8.5461637,0.22300000488758087,0.046000003814697266,0.0784628689289093,-0.2932141423225403,96.8215560913086
22.511,False,HOLD,47.3979711,8.5461637,0.22100001573562622,0.04400000348687172,0.08003594726324081,-0.29310378432273865,96.81803894042969
22.713,False,HOLD,47.397971,8.5461637,0.2200000137090683,0.0430000014603138,0.08364355564117432,-0.29136282205581665,96.81730651855469
22.913,False,HOLD,47.397971,8.5461637,0.21900001168251038,0.04200000315904617,0.0911213681101799,-0.2883632481098175,96.81478881835938
23.114,False,HOLD,47.397971,8.5461636,0.21900001168251038,0.04100000113248825,0.09788984060287476,-0.2858595848083496,96.81401062011719
23.315,False,HOLD,47.3979709,8.5461636,0.21900001168251038,0.04200000315904617,0.10334668308496475,-0.28231003880500793,96.81307983398438
23.517,False,HOLD,47.3979709,8.5461635,0.2200000137090683,0.0430000014603138,0.10407894849777222,-0.2789837419986725,96.8143081665039
23.718,False,HOLD,47.3979709,8.5461635,0.22200001776218414,0.04500000178813934,0.10118197649717331,-0.27721285820007324,96.81673431396484
23.919,False,HOLD,47.3979709,8.5461634,0.22500000894069672,0.04800000041723251,0.09919268637895584,-0.2752903401851654,96.81673431396484
24.12,False,HOLD,47.3979709,8.5461634,0.22800001502037048,0.05000000074505806,0.09631986171007156,-0.27633869647979736,96.81785583496094
24.321,False,HOLD,47.397971,8.5461634,0.22800001502037048,0.05100000277161598,0.09163462370634079,-0.27634698152542114,96.82014465332031
24.522,False,HOLD,47.397971,8.5461633,0.22700001299381256,0.05000000074505806,0.08755908161401749,-0.2752161920070648,96.82096862792969
24.723,False,HOLD,47.397971,8.5461633,0.22800001502037048,0.05100000277161598,0.08597435802221298,-0.27604374289512634,96.82402038574219
24.924,False,HOLD,47.397971,8.546163199999999,0.2290000170469284,0.052000001072883606,0.0819789469242096,-0.27932050824165344,96.82730102539062
25.124,False,HOLD,47.397971,8.546163199999999,0.23100000619888306,0.05400000140070915,0.07901822775602341,-0.27864310145378113,96.82950592041016
25.325,False,HOLD,47.397971,8.546163199999999,0.2330000102519989,0.0560000017285347,0.07884399592876434,-0.2811582684516907,96.82913970947266
25.526,False,HOLD,47.397971,8.5461633,0.23500001430511475,0.05700000375509262,0.07825493067502975,-0.28943556547164917,96.83184051513672
25.727,False,HOLD,47.3979709,8.5461634,0.23500001430511475,0.058000002056360245,0.07893714308738708,-0.2961692214012146,96.83599853515625
25.927,False,HOLD,47.3979709,8.5461635,0.23600001633167267,0.05900000408291817,0.08345752209424973,-0.3057735860347748,96.83889770507812
26.128,False,HOLD,47.3979709,8.5461636,0.23900000751018524,0.06200000271201134,0.08699935674667358,-0.3196272552013397,96.84156799316406
26.329,False,HOLD,47.3979709,8.5461637,0.24300001561641693,0.0650000050663948,0.08800268918275833,-0.3271457254886627,96.84384155273438
26.53,False,HOLD,47.3979709,8.5461638,0.24700000882148743,0.07000000029802322,0.08587294071912766,-0.33111950755119324,96.8460464477539
26.731,False,HOLD,47.3979709,8.5461639,0.24900001287460327,0.07200000435113907,0.0851793959736824,-0.3310052156448364,96.8478775024414
26.932,False,HOLD,47.3979709,8.546164,0.2510000169277191,0.07300000637769699,0.08648160099983215,-0.32803964614868164,96.84547424316406
27.133,False,HOLD,47.3979709,8.546164,0.25200000405311584,0.07500000298023224,0.08640942722558975,-0.32288190722465515,96.8433609008789
27.333,False,HOLD,47.3979709,8.5461641,0.2540000081062317,0.07700000703334808,0.08264569193124771,-0.3213704824447632,96.83837127685547
27.534,False,HOLD,47.3979709,8.5461641,0.25600001215934753,0.07900000363588333,0.07984884828329086,-0.3144333064556122,96.83037567138672
27.735,False,HOLD,47.3979709,8.5461641,0.2580000162124634,0.08000000566244125,0.07758576422929764,-0.3088506758213043,96.82423400878906
27.936,False,HOLD,47.3979709,8.5461641,0.25600001215934753,0.07900000363588333,0.07850814610719681,-0.3045772612094879,96.82345581054688
28.138,False,HOLD,47.3979709,8.5461641,0.2550000250339508,0.07800000160932541,0.07994873821735382,-0.30298539996147156,96.82099914550781
28.338,False,HOLD,47.3979709,8.5461641,0.2540000081062317,0.07700000703334808,0.07696539908647537,-0.30548936128616333,96.81842803955078
28.54,False,HOLD,47.3979709,8.5461641,0.25200000405311584,0.07500000298023224,0.07227195799350739,-0.3048570156097412,96.81443786621094
28.741,False,HOLD,47.3979709,8.5461641,0.2510000169277191,0.07300000637769699,0.07109279185533524,-0.29870179295539856,96.80846405029297
28.941,False,HOLD,47.397971,8.546164,0.24800001084804535,0.07000000029802322,0.06863878667354584,-0.2954219579696655,96.80317687988281
29.144,False,HOLD,47.397971,8.546164,0.24500000476837158,0.06800000369548798,0.0647980198264122,-0.2903972864151001,96.79724884033203
29.344,False,HOLD,47.397971,8.5461639,0.24400001764297485,0.06700000166893005,0.06398247182369232,-0.28294622898101807,96.79029846191406
29.545,False,HOLD,47.397971,8.5461639,0.24400001764297485,0.06700000166893005,0.06544611603021622,-0.27470386028289795,96.78185272216797
29.746,False,HOLD,47.397971,8.5461638,0.24400001764297485,0.06700000166893005,0.06709466129541397,-0.2747849225997925,96.78041076660156
29.946,False,HOLD,47.397971,8.5461639,0.24500000476837158,0.06800000369548798,0.06783239543437958,-0.2781442105770111,96.78567504882812
