time_s,mission_phase,armed,flight_mode,latitude_deg,longitude_deg,absolute_altitude_m,relative_altitude_m,roll_deg,pitch_deg,yaw_deg
0.003,init,,,,,,,,,
0.204,init,,,47.3979711,8.5461638,0.20200000703334808,0.018000001087784767,0.08493401110172272,-0.2843758165836334,96.78688049316406
0.405,init,,,47.3979711,8.5461638,0.2070000171661377,0.02200000174343586,0.09077455848455429,-0.28329068422317505,96.78614044189453
0.606,init,,,47.3979711,8.5461638,0.2120000123977661,0.027000000700354576,0.09417805075645447,-0.282949298620224,96.78593444824219
0.806,takeoff,False,HOLD,47.3979711,8.5461638,0.2150000035762787,0.0020000000949949026,0.09270421415567398,-0.2782631516456604,96.78479766845703
1.007,takeoff,False,HOLD,47.3979711,8.5461638,0.21700000762939453,0.004000000189989805,0.08765999227762222,-0.27374833822250366,96.78350830078125
1.208,takeoff,False,HOLD,47.3979711,8.5461637,0.21900001168251038,0.006000000052154064,0.08178529888391495,-0.27387794852256775,96.78456115722656
1.409,takeoff,False,HOLD,47.3979712,8.5461638,0.22100001573562622,0.00800000037997961,0.07409854978322983,-0.2760118842124939,96.7883071899414
1.609,takeoff,False,HOLD,47.397971299999995,8.5461638,0.22500000894069672,0.012000000104308128,0.06997605413198471,-0.28245237469673157,96.79144287109375
1.81,takeoff,True,TAKEOFF,47.397971399999996,8.5461638,0.23100000619888306,0.018000001087784767,0.06961757689714432,-0.2866467237472534,96.79415130615234
2.011,takeoff,True,TAKEOFF,47.397971399999996,8.5461639,0.23600001633167267,0.023000001907348633,0.07310176640748978,-0.2900053858757019,96.79376220703125
2.212,takeoff,True,TAKEOFF,47.397971399999996,8.5461639,0.24000000953674316,0.027000000700354576,0.07638007402420044,-0.29111549258232117,96.79498291015625
2.413,takeoff,True,TAKEOFF,47.397971399999996,8.5461639,0.242000013589859,0.029000001028180122,0.08159437775611877,-0.2926849126815796,96.79508972167969
2.614,takeoff,True,TAKEOFF,47.397971399999996,8.546164,0.2410000115633011,0.0,0.08717599511146545,-0.2985435426235199,96.79351043701172
2.815,takeoff,True,TAKEOFF,47.397971299999995,8.546164,0.2410000115633011,0.0,0.0920213833451271,-0.29984593391418457,96.79338836669922
3.016,takeoff,True,TAKEOFF,47.397971299999995,8.546164,0.24300001561641693,0.0010000000474974513,0.09654062986373901,-0.29761460423469543,96.7928466796875
3.217,takeoff,True,TAKEOFF,47.397971299999995,8.546164,0.242000013589859,0.0,0.09616894274950027,-0.2955014407634735,96.79134368896484
3.418,takeoff,True,TAKEOFF,47.397971299999995,8.546164,0.2410000115633011,0.0,0.09181597083806992,-0.2952527105808258,96.79116821289062
4.078,takeoff,True,TAKEOFF,47.397971299999995,8.5461641,0.23100000619888306,-0.01100000087171793,0.09592887759208679,-0.29303058981895447,96.79643249511719
4.279,takeoff,True,TAKEOFF,47.397971299999995,8.546164,0.22800001502037048,-0.013000000268220901,0.09737549722194672,-0.28899285197257996,96.79802703857422
4.48,takeoff,True,TAKEOFF,47.397971299999995,8.546164,0.22700001299381256,-0.014000000432133675,0.10219135135412216,-0.28518906235694885,96.79676055908203
4.681,takeoff,True,TAKEOFF,47.397971299999995,8.546164,0.22800001502037048,-0.013000000268220901,0.10080355405807495,-0.2863747477531433,96.79530334472656
4.882,takeoff,True,TAKEOFF,47.397971299999995,8.546164,0.23100000619888306,-0.010000000707805157,0.10040367394685745,-0.13305126130580902,96.7984848022461
5.083,takeoff,True,TAKEOFF,47.397971299999995,8.5461639,0.242000013589859,0.0,0.28081169724464417,0.6919471025466919,96.84732818603516
5.284,takeoff,True,TAKEOFF,47.397971299999995,8.5461637,0.28300002217292786,0.04100000113248825,0.30940136313438416,0.5161147117614746,96.8621826171875
5.485,takeoff,True,TAKEOFF,47.397971299999995,8.5461634,0.3620000183582306,0.12000000476837158,0.2176864743232727,-0.04089527949690819,96.86248016357422
5.685,takeoff,True,TAKEOFF,47.397971299999995,8.5461631,0.4910000264644623,0.24900001287460327,0.1257745325565338,-0.5395147204399109,96.86505889892578
5.886,takeoff,True,TAKEOFF,47.397971299999995,8.5461628,0.6490000486373901,0.40700000524520874,0.06551415473222733,-0.879581093788147,96.90161895751953
6.087,takeoff,True,TAKEOFF,47.397971299999995,8.546162599999999,0.8410000205039978,0.5980000495910645,0.04393462836742401,-1.0806310176849365,96.96415710449219
6.287,takeoff,True,TAKEOFF,47.397971299999995,8.5461625,1.0470000505447388,0.8050000667572021,0.04568135365843773,-1.127009391784668,97.00765228271484
6.488,takeoff,True,TAKEOFF,47.397971299999995,8.5461625,1.2320001125335693,0.9900000691413879,0.0868627279996872,-1.0733051300048828,97.04808044433594
6.689,takeoff,True,TAKEOFF,47.3979712,8.546162599999999,1.3980001211166382,1.15500009059906,0.06533319503068924,-0.8952569365501404,97.11007690429688
6.89,takeoff,True,TAKEOFF,47.3979712,8.5461628,1.559000015258789,1.3160001039505005,0.00048601365415379405,-0.6335130333900452,97.12568664550781
7.091,takeoff,True,TAKEOFF,47.3979711,8.5461631,1.717000126838684,1.474000096321106,-0.0369328036904335,-0.36042338609695435,97.1304702758789
7.292,takeoff,True,TAKEOFF,47.397971,8.5461633,1.8690000772476196,1.627000093460083,-0.07536543905735016,-0.15322092175483704,97.15296173095703
7.493,takeoff,True,TAKEOFF,47.397971,8.5461634,2.0160000324249268,1.7740000486373901,-0.08414626866579056,-0.04957902058959007,97.11483764648438
7.694,takeoff,True,TAKEOFF,47.397971,8.5461636,2.1560001373291016,1.9140000343322754,-0.038016680628061295,-0.04449678957462311,97.0225601196289
7.894,takeoff,True,TAKEOFF,47.3979711,8.5461637,2.2880001068115234,2.0460000038146973,0.059238262474536896,-0.06736168265342712,96.93653869628906
8.095,takeoff,True,TAKEOFF,47.3979711,8.5461637,2.4110000133514404,2.1690001487731934,0.16573628783226013,-0.09723225235939026,96.87903594970703
8.296,takeoff,True,TAKEOFF,47.3979712,8.5461638,2.5220000743865967,2.2790000438690186,0.2328515201807022,-0.1422913670539856,96.85435485839844
8.497,takeoff,True,TAKEOFF,47.3979712,8.5461638,2.5980000495910645,2.3550000190734863,0.2564009130001068,-0.18412911891937256,96.85685729980469
8.698,takeoff,True,HOLD,47.3979712,8.5461638,2.627000093460083,2.384000062942505,0.2451961487531662,-0.21564297378063202,96.85482788085938
8.899,takeoff,True,HOLD,47.3979712,8.5461638,2.6460001468658447,2.4040000438690186,0.19611920416355133,-0.2537946403026581,96.85057067871094
9.1,takeoff,True,HOLD,47.3979712,8.5461638,2.682000160217285,2.440000057220459,0.14892174303531647,-0.2816118896007538,96.84573364257812
9.301,takeoff,True,HOLD,47.3979711,8.5461638,2.7280001640319824,2.4860000610351562,0.09291024506092072,-0.27458274364471436,96.82791900634766
9.502,hover,True,HOLD,47.3979711,8.5461639,2.7750000953674316,2.5330002307891846,0.027123700827360153,-0.2565397024154663,96.80718231201172
9.703,hover,True,HOLD,47.397971,8.5461639,2.818000078201294,2.576000213623047,-0.03451975807547569,-0.22511368989944458,96.79781341552734
9.904,hover,True,HOLD,47.397971,8.546164,2.8560001850128174,2.6130001544952393,-0.0690498799085617,-0.18462295830249786,96.81315612792969
10.105,hover,True,HOLD,47.397971,8.546164,2.890000104904175,2.6470000743865967,-0.05079798400402069,-0.1669120490550995,96.84660339355469
10.305,hover,True,HOLD,47.397971,8.546164,2.9240000247955322,2.681000232696533,0.0028052038978785276,-0.15878000855445862,96.87881469726562
10.506,hover,True,HOLD,47.397971,8.5461641,2.951000213623047,2.7080001831054688,0.061014436185359955,-0.1547590047121048,96.90059661865234
10.707,hover,True,HOLD,47.397971,8.5461641,2.9760000705718994,2.7330000400543213,0.0926489531993866,-0.17018860578536987,96.8839111328125
10.908,hover,True,HOLD,47.3979709,8.546164,2.999000072479248,2.757000207901001,0.061310768127441406,-0.20326051115989685,96.8345718383789
11.109,hover,True,HOLD,47.3979709,8.546164,3.0210001468658447,2.7790000438690186,-0.024563580751419067,-0.24989093840122223,96.78711700439453
11.31,hover,True,HOLD,47.397970799999996,8.546164,3.0410001277923584,2.7980000972747803,-0.09555653482675552,-0.2831057608127594,96.78475952148438
11.511,hover,True,HOLD,47.397970799999996,8.5461639,3.056000232696533,2.813000202178955,-0.10919705778360367,-0.29446136951446533,96.8178482055664
11.711,hover,True,HOLD,47.3979709,8.5461639,3.069000244140625,2.827000141143799,-0.07277411222457886,-0.311221718788147,96.84841918945312
11.912,hover,True,HOLD,47.3979709,8.5461638,3.0810000896453857,2.8390002250671387,0.01228646282106638,-0.3529908359050751,96.85572814941406
12.113,hover,True,HOLD,47.397971,8.5461638,3.0910000801086426,2.8490002155303955,0.10036288946866989,-0.4052901566028595,96.85639953613281
12.314,hover,True,HOLD,47.3979711,8.5461638,3.1010000705718994,2.8580000400543213,0.16471105813980103,-0.40553534030914307,96.86824798583984
12.514,hover,True,HOLD,47.3979711,8.5461638,3.1110000610351562,2.868000030517578,0.20711654424667358,-0.3756766617298126,96.87201690673828
12.715,hover,True,HOLD,47.3979712,8.5461638,3.120000123977661,2.878000020980835,0.23286239802837372,-0.34389856457710266,96.86943054199219
12.916,hover,True,HOLD,47.3979712,8.5461639,3.13100004196167,2.889000177383423,0.25029245018959045,-0.3224833309650421,96.86444854736328
13.116,hover,True,HOLD,47.3979712,8.5461639,3.1430001258850098,2.9000000953674316,0.24950383603572845,-0.31121304631233215,96.8637924194336
13.317,hover,True,HOLD,47.3979712,8.5461639,3.1520001888275146,2.9090001583099365,0.2222996950149536,-0.3171234428882599,96.87364196777344
13.518,hover,True,HOLD,47.397971299999995,8.5461639,3.1570000648498535,2.9140000343322754,0.19736532866954803,-0.33019304275512695,96.87100219726562
13.719,hover,True,HOLD,47.397971299999995,8.5461639,3.1600000858306885,2.9180002212524414,0.23208624124526978,-0.3216535747051239,96.84223175048828
13.92,hover,True,HOLD,47.397971399999996,8.546164,3.1650002002716064,2.9230000972747803,0.3087221086025238,-0.2797301113605499,96.81141662597656
14.121,hover,True,HOLD,47.3979715,8.546164,3.1690001487731934,2.927000045776367,0.36396652460098267,-0.22725051641464233,96.80049896240234
14.322,hover,True,HOLD,47.3979715,8.5461641,3.1740002632141113,2.932000160217285,0.3775862157344818,-0.1937226951122284,96.80731201171875
14.523,hover,True,HOLD,47.397971399999996,8.5461641,3.1780002117156982,2.936000108718872,0.33949992060661316,-0.15864115953445435,96.81625366210938
14.724,hover,True,HOLD,47.397971399999996,8.5461642,3.183000087738037,2.940000057220459,0.26335760951042175,-0.11859080940485,96.8164291381836
14.925,hover,True,HOLD,47.397971299999995,8.5461642,3.187000036239624,2.944000244140625,0.1688869148492813,-0.08240503072738647,96.81587219238281
15.126,hover,True,HOLD,47.3979712,8.5461643,3.188000202178955,2.946000099182129,0.06023938208818436,-0.06412191689014435,96.8216323852539
15.327,hover,True,HOLD,47.3979711,8.5461643,3.190000057220459,2.948000192642212,-0.037707846611738205,-0.06975506991147995,96.8230972290039
15.528,hover,True,HOLD,47.3979711,8.5461643,3.194000244140625,2.951000213623047,-0.08841734379529953,-0.07828834652900696,96.81564331054688
15.728,hover,True,HOLD,47.397971,8.5461643,3.19700026512146,2.955000162124634,-0.09172797948122025,-0.07328873872756958,96.8158187866211
15.93,hover,True,HOLD,47.397971,8.5461643,3.200000047683716,2.9580001831054688,-0.06216251477599144,-0.08190054446458817,96.83297729492188
16.131,hover,True,HOLD,47.397971,8.5461642,3.204000234603882,2.9610002040863037,-0.012758244760334492,-0.1411299705505371,96.85975646972656
16.332,hover,True,HOLD,47.3979711,8.5461641,3.2060000896453857,2.9630000591278076,0.04759388789534569,-0.24198924005031586,96.86902618408203
16.532,hover,True,HOLD,47.397971,8.546164,3.207000255584717,2.9650001525878906,0.07847291976213455,-0.3569307327270508,96.8550796508789
16.733,hover,True,HOLD,47.397971,8.5461639,3.2090001106262207,2.9660000801086426,0.04899517446756363,-0.428813099861145,96.84099578857422
16.934,hover,True,HOLD,47.397971,8.5461638,3.2110002040863037,2.9680001735687256,-0.008647432550787926,-0.4610213041305542,96.83283996582031
17.135,hover,True,HOLD,47.3979709,8.5461637,3.2120001316070557,2.9700000286102295,-0.07192020863294601,-0.46896088123321533,96.83792877197266
17.336,hover,True,HOLD,47.3979709,8.5461637,3.2130000591278076,2.9700000286102295,-0.1169724091887474,-0.454828679561615,96.85134887695312
17.537,hover,True,HOLD,47.3979709,8.5461636,3.2130000591278076,2.9700000286102295,-0.10230554640293121,-0.41816532611846924,96.85676574707031
17.738,hover,True,HOLD,47.3979709,8.5461636,3.2130000591278076,2.9700000286102295,-0.03577808663249016,-0.38185715675354004,96.84796905517578
17.939,hover,True,HOLD,47.3979709,8.5461636,3.2140002250671387,2.9710001945495605,0.007781958673149347,-0.36627084016799927,96.86531066894531
18.14,hover,True,HOLD,47.3979709,8.5461636,3.2150001525878906,2.9730000495910645,0.01071299146860838,-0.3388975262641907,96.9053955078125
18.341,hover,True,HOLD,47.3979709,8.5461637,3.2150001525878906,2.9720001220703125,0.01238222885876894,-0.3066383898258209,96.90461730957031
18.542,hover,True,HOLD,47.397971,8.5461637,3.2130000591278076,2.9710001945495605,0.04732947796583176,-0.30439993739128113,96.85840606689453
18.743,hover,True,HOLD,47.397971,8.5461637,3.2120001316070557,2.9700000286102295,0.10792816430330276,-0.305795818567276,96.82284545898438
18.944,hover,True,HOLD,47.397971,8.5461637,3.2120001316070557,2.9700000286102295,0.16962502896785736,-0.2958067059516907,96.80752563476562
19.145,hover,True,HOLD,47.3979711,8.5461637,3.2120001316070557,2.9690001010894775,0.19624105095863342,-0.2915884554386139,96.82697296142578
19.345,hover,True,HOLD,47.3979711,8.5461637,3.2110002040863037,2.9680001735687256,0.1881462186574936,-0.3008471429347992,96.85057067871094
19.546,landing,True,HOLD,47.3979711,8.5461636,3.2100000381469727,2.9670002460479736,0.14699985086917877,-0.33178216218948364,96.86845397949219
19.747,landing,True,LAND,47.3979711,8.5461636,3.18500018119812,2.942000150680542,0.10652332007884979,-0.32552260160446167,96.87105560302734
19.948,landing,True,LAND,47.3979711,8.5461636,3.0950000286102295,2.8520002365112305,0.10029812157154083,-0.321152925491333,96.86529541015625
20.149,landing,True,LAND,47.3979711,8.5461636,2.943000078201294,2.700000047683716,0.09608277678489685,-0.31463679671287537,96.86924743652344
20.349,landing,True,LAND,47.3979711,8.5461635,2.7910001277923584,2.5480000972747803,0.07128831744194031,-0.34778261184692383,96.87327575683594
20.55,landing,True,LAND,47.3979711,8.5461635,2.6660001277923584,2.4230000972747803,0.03344544768333435,-0.3790552616119385,96.87476348876953
20.751,landing,True,LAND,47.3979711,8.5461634,2.5470001697540283,2.305000066757202,0.005609821993857622,-0.42682650685310364,96.87257385253906
20.952,landing,True,LAND,47.397971,8.5461633,2.4260001182556152,2.183000087738037,-0.007939864881336689,-0.4792323410511017,96.868896484375
21.153,landing,True,LAND,47.397971,8.5461633,2.2980000972747803,2.055000066757202,-0.009871622547507286,-0.4976341128349304,96.86258697509766
21.354,landing,True,LAND,47.397971,8.5461633,2.1650002002716064,1.9230000972747803,-0.0036055876407772303,-0.4835393726825714,96.85105895996094
21.555,landing,True,LAND,47.397971,8.5461634,2.0290000438690186,1.787000060081482,0.03780554607510567,-0.4376130998134613,96.83301544189453
21.756,landing,True,LAND,47.3979711,8.5461634,1.8920000791549683,1.6490000486373901,0.07768478989601135,-0.37748271226882935,96.84078979492188
21.957,landing,True,LAND,47.397971,8.5461635,1.7540000677108765,1.5110000371932983,0.07643909752368927,-0.32044747471809387,96.8597412109375
22.158,landing,True,LAND,47.397971,8.5461635,1.6150001287460327,1.3730000257492065,0.05887758731842041,-0.26555848121643066,96.86961364746094
22.359,landing,True,LAND,47.3979711,8.5461636,1.4780000448226929,1.2350000143051147,0.07222359627485275,-0.2123367339372635,96.86351776123047
22.56,landing,True,LAND,47.3979711,8.5461637,1.3410000801086426,1.0980000495910645,0.10907073318958282,-0.1845349371433258,96.8506851196289
22.761,landing,True,LAND,47.3979711,8.5461638,1.2010000944137573,0.9590000510215759,0.16583293676376343,-0.16313563287258148,96.84104919433594
22.962,landing,True,LAND,47.3979712,8.5461638,1.059000015258789,0.8170000314712524,0.21536807715892792,-0.1408439427614212,96.83747100830078
23.163,landing,True,LAND,47.3979712,8.5461639,0.9200000166893005,0.6770000457763672,0.2478475123643875,-0.14657635986804962,96.84120178222656
23.364,landing,True,LAND,47.3979712,8.5461639,0.7820000648498535,0.5390000343322754,0.24450936913490295,-0.1753799319267273,96.84310150146484
23.565,landing,True,LAND,47.3979712,8.5461639,0.6290000081062317,0.38600000739097595,0.20019540190696716,-0.21174904704093933,96.83790588378906
23.766,landing,True,LAND,47.3979712,8.5461639,0.492000013589859,0.24900001287460327,0.14675629138946533,-0.2368757277727127,96.83611297607422
